scenario_index,shed
0,3667.1450818126627
1,3799.691380029648
2,3336.011713859238
3,3667.1450818126636
4,3726.9987100677895
5,3501.0501206219747
6,3393.8082692493804
7,3357.053301955446
8,3690.5487888847347
9,3532.6640438973923
10,3195.650047688854
11,3299.6011783798454
12,3321.1155992875215
13,3799.6913800296484
14,3398.1117138592517
15,3667.145081812663
16,3799.6913800296475
17,3501.065406087039
18,3338.3293777269955
19,2905.9107138592512
20,3501.0501206219747
21,3726.998710067785
22,3726.9987100677895
23,3406.532622026529
24,3113.155713859251
25,2955.1220252638923
26,3688.9987100677895
27,3726.99871006779
28,3690.5698217298805
29,3667.196776725656
30,3667.1450818126627
31,3726.998710067791
32,3667.17904217463
33,3393.8082692493786
34,3690.503052732708
35,3799.6913800296466
36,3726.9987100677895
37,3325.4190438973933
38,3040.463043897387
39,3438.6732594802684
40,2718.4094844128654
41,3690.5030527327126
42,3543.5923444321043
43,3667.145081812663
44,2742.3803777269954
45,3002.4630438973923
46,3338.3293777269946
47,3543.5923444321043
48,3406.5326220265297
49,3799.6913800296466
50,3726.9987100677895
51,3664.9987100677895
52,3319.46170790525
53,3584.319380029648
54,3628.5884292941596
55,3690.514844209716
56,3475.226090561521
57,2905.9107138592512
58,3411.0220476888526
59,3690.6300843005333
60,3357.053301955444
61,3338.3293777269896
62,3726.9987100677904
63,3690.5030527327062
64,3411.022047688853
65,3690.5030527327062
66,3667.1450818126636
67,3667.189616042289
68,3161.329377726995
69,3543.592344432105
70,3357.0533019554437
71,3605.3567138592502
72,3113.155713859251
73,3799.6913800296484
74,3667.145081812662
75,3690.503052732708
76,2611.1727075237695
77,3040.4630438973923
78,3799.6913800296475
79,3325.4190438973924
80,3543.592344432104
81,3799.6913800296475
82,3726.9987100677895
83,3667.1781305247946
84,2905.9107138592512
85,3532.6640438973923
86,3109.804859762055
87,3726.99871006779
88,3726.9987100677895
89,3395.988257715849
90,3338.3293777269946
91,3726.9987100677895
92,3129.1023444320945
93,3309.8223813947543
94,3726.9987100677868
95,3726.9987100677895
96,3726.9987100677895
97,3040.4630438973923
98,3393.8082692493795
99,3726.9987100677895
100,2943.9612805227516
101,3411.0220476888535
102,3726.9987100677895
103,3279.2551851737344
104,3690.5030527327
105,3040.4630438973923
106,3667.1450818126627
107,3550.9726742535745
108,3501.0501206219747
109,3690.5030527327
110,3279.2197702043236
111,3279.269555696113
112,3511.6267100677896
113,3393.8082692493786
114,3267.941028846493
115,3690.5104214321937
116,2725.166599287522
117,3726.9987100677895
118,2849.532209750507
119,3726.9987100677904
120,3549.998710067789
121,3667.1450818126636
122,3501.050120621976
123,3690.564210393128
124,3690.5030527326953
125,3690.5069155292986
126,2815.073047688853
127,3551.033095958327
128,3605.3567138592502
129,3338.3293777269964
130,3040.4630438973923
131,3299.5694829634986
132,2893.2666636952017
133,2442.0498491972603
134,3406.5326220265288
135,3319.371626129133
136,3501.0501206219747
137,3667.145081812662
138,3129.102344432095
139,3393.8082692493804
140,3799.6913800296475
141,3287.4190438973937
142,3690.5030527327044
143,3726.9987100677895
144,3411.022047688852
145,3690.403052732707
146,3411.022047688853
147,3411.022047688854
148,3532.6640438973864
149,3737.6913800296484
150,2762.611133519476
151,3040.4630438973923
152,3338.3293777269955
153,3411.022047688853
154,3113.1557138592498
155,3338.329377726995
156,3129.1023444320936
157,3726.9987100677886
158,3532.6640438973923
159,3799.691380029648
160,3338.329377726993
161,3338.329377726995
162,3393.80826924938
163,3309.8066323076882
164,2833.2180438973924
165,3726.9987100677886
166,2725.166599287523
167,2718.409484412865
168,3309.836395493883
169,3726.9987100677895
170,3393.8082692493795
171,3094.5686116410943
172,3113.1557138592493
173,3411.022047688854
174,3178.43626924938
175,3309.806632307688
176,3543.5923444321043
177,3357.053301955445
178,3726.99871006779
179,3667.145081812662
180,3799.6913800296484
181,2815.073047688854
182,3131.04971006779
183,3299.671192569513
184,2690.538713859251
185,2905.9107138592512
186,3501.0501206219747
187,3203.742380029645
188,3726.9987100677895
189,3726.9987100677895
190,3726.9987100677895
191,3411.022047688854
192,3411.022047688853
193,3532.664043897392
194,3799.691380029648
195,3261.5775475673863
196,3799.6913800296484
197,3690.60899434762
198,3628.589347469485
199,3690.503052732707
200,3317.0498597620544
201,3667.178130524783
202,3726.998710067785
203,3799.6913800296484
204,3667.1450818126636
205,3726.9987100677895
206,3799.6913800296484
207,3411.022047688854
208,3726.9987100677845
209,3726.998710067789
210,2934.2508491972603
211,3543.5923444321043
212,3321.1155992875215
213,3110.047043897392
214,3356.953301955445
215,3501.0501206219733
216,3726.9987100677895
217,3338.329377726995
218,3799.6913800296484
219,3667.145081812663
220,3309.822381394753
221,3349.0220476888535
222,3357.0533019554455
223,3267.9349673955185
224,3393.7082692493805
225,3726.9987100677845
226,3338.329377726995
227,2905.810713859251
228,3799.6913800296484
229,3338.329377726995
230,3690.5030527327117
231,3300.329377726995
232,3411.022047688854
233,3664.9987100677895
234,3411.022047688853
235,3543.492344432105
236,3605.356713859251
237,3726.99871006779
238,3357.053301955444
239,2761.104301955445
240,3317.049859762054
241,3393.8082692493804
242,3799.6913800296475
243,3532.5640438973924
244,3398.1117138592504
245,3667.1450818126623
246,3726.9987100677895
247,3726.99871006779
248,3357.053301955444
249,2952.102344432095
250,2905.9107138592512
251,3690.5556945059952
252,3726.9987100677895
253,3279.2544547027605
254,3406.5326220265288
255,2824.848859762055
256,3532.6640438973923
257,3667.1450818126627
258,3799.691380029645
259,3048.6653549978473
260,3309.806632307688
261,3667.182524622354
262,2833.2180438973924
263,3321.1155992875215
264,3411.022047688854
265,3605.356713859251
266,3726.9987100677895
267,3667.2086612453845
268,3366.5923444321047
269,3357.0533019554446
270,3726.898710067789
271,3667.1839077559744
272,3799.6913800296484
273,3726.9987100677845
274,3690.503052732707
275,3543.5923444321043
276,3131.04971006779
277,3406.5326220265297
278,3040.4630438973923
279,3094.577481558917
280,3688.9987100677895
281,3398.1117138592513
282,3605.3567138592507
283,3113.155713859251
284,3398.111713859251
285,3667.1933539229135
286,3393.8082692493804
287,3799.591380029648
288,3357.0533019554446
289,3267.941712093742
290,3338.329377726995
291,3726.9987100677895
292,3132.5127214945437
293,3726.9987100677895
294,3241.2878392537937
295,3319.3640698806526
296,3331.8082692493804
297,3532.6640438973923
298,3338.329377726996
299,3690.559719777156
300,3799.6913800296484
301,3410.9220476888536
302,2833.2180438973924
303,3761.6913800296456
304,3113.155713859251
305,3551.0169844364614
306,3411.022047688854
307,3799.6913800296484
308,3338.3293777269955
309,3690.503052732717
310,3357.0533019554446
311,3338.329377726996
312,3336.0117138592377
313,3299.5694829634976
314,3532.6640438973923
315,3799.6913800296475
316,3338.329377726995
317,3299.6643175470535
318,2833.2180438973924
319,3667.145081812666
320,3475.240838014985
321,3393.80826924938
322,3667.196776725653
323,3726.99871006779
324,3739.653977244835
325,3690.622216222308
326,3799.691380029648
327,3338.329377726995
328,3040.4630438973923
329,3398.111713859251
330,3131.04971006779
331,3799.6913800296484
332,3799.6913800296466
333,3726.99871006779
334,2815.073047688854
335,2617.6038597620563
336,3393.808269249379
337,3338.329377726995
338,3726.9987100677895
339,3551.016984436459
340,3629.178130524791
341,2713.4117749371853
342,3248.0846661703968
343,3690.636525260597
344,3799.691380029648
345,3406.5326220265274
346,3411.022047688854
347,3543.5923444321047
348,3690.5030527326953
349,3109.804859762054
350,3543.5923444321047
351,3690.503052732708
352,3309.825635840988
353,3690.503052732704
354,3799.6913800296475
355,3411.022047688852
356,3338.329377726995
357,3799.691380029648
358,3393.8082692493804
359,2936.7150438973927
360,3411.022047688852
361,3605.3567138592502
362,3129.1023444320936
363,3309.8337212978986
364,3799.5913800296466
365,3338.329377726995
366,3726.9987100677895
367,3667.196776725657
368,3398.1117138592513
369,3799.6913800296475
370,3338.329377726995
371,3393.8082692493795
372,3690.5203247473937
373,3406.5326220265297
374,3629.145081812664
375,3690.5487888847338
376,3584.319380029648
377,3726.9987100677895
378,3690.503052732708
379,3319.428799110796
380,3113.155713859251
381,3799.6913800296475
382,3726.99871006779
383,3357.0533019554446
384,3375.19514350978
385,3761.6913800296475
386,3040.4630438973923
387,2724.2391335194757
388,2943.961280522752
389,3040.463043897387
390,3669.3469343663987
391,3026.532209750503
392,3113.155713859251
393,3726.9987100677895
394,2943.9612805227516
395,3690.670038760135
396,3393.8082692493804
397,3046.0256442113114
398,3551.0169844364605
399,3726.9987100677895
400,3411.0220476888535
401,3203.742380029648
402,3667.1781305247946
403,3411.022047688854
404,3321.1155992875206
405,3726.9987100677895
406,3393.8082692493795
407,3726.998710067784
408,3393.8082692493795
409,3690.503052732709
410,3338.329377726995
411,3543.5923444321043
412,3799.6913800296447
413,3398.111713859251
414,3551.0550153450013
415,3319.3640698806585
416,3667.145081812663
417,3338.329377726995
418,2939.7210223586303
419,3113.155713859251
420,3799.691380029648
421,3299.7048953804274
422,3690.5030527327
423,2824.848859762055
424,2905.9107138592512
425,3357.0533019554455
426,2797.85926924938
427,3129.1023444320945
428,3726.99871006779
429,3551.016984436461
430,3299.6185863241544
431,3321.115599287522
432,3584.319380029648
433,3398.1117138592513
434,3355.8082692493776
435,3279.2581240522986
436,3309.830822564807
437,3129.102344432094
438,3398.1117138592513
439,3338.329377726995
440,3726.9987100677895
441,3325.4190438973924
442,3664.8987100677764
443,3532.664043897395
444,2833.2180438973924
445,3726.9987100677895
446,3543.592344432105
447,3690.5030527327085
448,3667.1450818126623
449,3321.115599287516
450,3309.8278111409018
451,3726.9987100677895
452,3040.4630438973923
453,3357.0533019554455
454,3726.9987100677895
455,3393.8082692493795
456,3532.6640438973923
457,3113.15571385925
458,3338.2293777269956
459,3799.6913800296484
460,3129.102344432095
461,3726.9987100677904
462,3411.022047688853
463,3131.04971006779
464,3799.6913800296484
465,3373.0220476888535
466,3406.53262202653
467,3338.3293777269946
468,3411.0220476888508
469,3799.6913800296484
470,3726.9987100677895
471,3338.329377726995
472,3799.6913800296475
473,3551.0169844364596
474,3241.2878392537923
475,3667.145081812663
476,3726.9987100677895
477,3140.049859762054
478,3667.145081812663
479,3393.808269249381
480,3799.691380029648
481,3109.804859762054
482,3299.5694829634976
483,3393.8082692493795
484,3338.329377726995
485,3040.4630438973923
486,2797.8592692493803
487,3726.9987100677895
488,2663.1528426401533
489,3532.6640438973923
490,3667.145081812664
491,2824.848859762055
492,3203.7423800296483
493,3516.1793800296477
494,3393.8082692493804
495,2898.9953338296027
496,3357.0533019554446
497,3532.6640438973923
498,3543.5923444318228
499,3131.0497100677903
500,3129.102344432095
501,3398.1117138592513
502,3551.0169844364586
503,3322.2716567170846
504,3726.9987100677895
505,3726.9987100677895
506,3373.022047688854
507,3690.630937536305
508,3761.6913800296484
509,3667.196855988923
510,3726.9987100677895
511,2905.910713859251
512,3411.0220476888535
513,3726.998710067791
514,3543.5923444321047
515,2701.992783887533
516,3357.053301955444
517,3667.145081812663
518,2797.8592692493808
519,2348.0122805227516
520,3113.155713859251
521,3799.6913800296484
522,3551.016984436461
523,2833.2180438973924
524,3309.830822564807
525,3667.1450818126627
526,2943.9612805227516
527,3393.80826924938
528,3357.0533019554446
529,3664.9987100677895
530,3411.022047688854
531,3799.6913800296484
532,3505.5923444321043
533,3319.364069880658
534,3543.592344432105
535,2905.9107138592503
536,3131.0497100677894
537,3690.503052732701
538,3688.998710067784
539,2718.4094844128654
540,3338.3293777269955
541,3605.356713859251
542,3241.287839253795
543,3726.9987100677904
544,3690.6458380883914
545,3667.1829912216112
546,3267.925733434649
547,2713.878811140901
548,3799.6913800296466
549,3799.6913800296475
550,3317.049859762054
551,3726.9987100677895
552,3726.99871006779
553,3411.0220476888544
554,3428.356713859251
555,3799.691380029648
556,3667.145081812663
557,2833.2180438973924
558,3584.3193800296467
559,3398.1117138592513
560,3690.5030527327035
561,3690.5030527327012
562,3093.04971006779
563,2905.910713859251
564,3054.817377726995
565,3299.5694829634963
566,3605.3567138592475
567,2943.9612805227516
568,3726.9987100677895
569,3051.155713859251
570,3321.1155992875215
571,3279.2630352879055
572,3451.773081812664
573,3406.5326220265288
574,3726.8987100677896
575,3470.6640438973923
576,3726.9987100677895
577,3667.193757796289
578,3203.7423800296483
579,3688.9987100677895
580,2729.4700438973928
581,3325.4190438973924
582,3338.3293777269955
583,3161.329377726995
584,3799.6913800296475
585,3321.115599287522
586,3667.1450818126627
587,3690.5548068238822
588,3690.503052732708
589,3667.1450818126577
590,3411.022047688854
591,3605.3567138592507
592,3406.5326220265283
593,3690.595958697232
594,2729.4700438973923
595,3295.053301955443
596,3799.691380029648
597,3761.6913800296484
598,3688.9987100677895
599,3726.99871006779
600,3690.5030527326953
601,3690.546569195866
602,3319.4338375209404
603,3393.808269249381
604,3182.7397138592473
605,3309.8066323076882
606,3309.8066323076882
607,3690.503052732708
608,3203.7423800296483
609,3543.592344431822
610,3690.5030527327067
611,2939.611133519477
612,3203.6423800296484
613,3799.6913800296484
614,3690.5191174905203
615,3071.232974002154
616,3317.049859762055
617,3398.1117138592513
618,3040.463043897388
619,3667.145081812662
620,3129.102344432094
621,3299.683944090685
622,2361.035921190866
623,2309.9617138592507
624,3411.022047688854
625,3799.6913800296484
626,3532.6640438973927
627,3279.246332243461
628,3481.5923444321043
629,2939.6111335194755
630,3690.5030527327035
631,3799.6913800296484
632,3325.419043897393
633,3203.7423800296483
634,3051.15571385925
635,3040.4630438973923
636,3690.653338417123
637,2943.961280522751
638,3398.1117138592513
639,3411.022047688853
640,3203.7423800296488
641,3551.020809381632
642,3279.2463322434573
643,3338.329377726995
644,2939.611133519476
645,3690.5533887397332
646,3799.6913800296475
647,3322.5686678370307
648,3551.0170852316055
649,3667.1781305247832
650,3622.6913800296484
651,3551.0839130055056
652,3667.1450818126636
653,3799.691380029648
654,3726.9987100677895
655,3726.998710066302
656,3338.329377726995
657,2348.0122805227516
658,3299.6839440906783
659,3690.5548068238727
660,3690.5825121762487
661,3799.6913800296475
662,3667.145081812664
663,3667.1781305247923
664,3309.8223813947534
665,3726.9987100677895
666,3543.5923444321047
667,3667.1450818126636
668,3667.1450818126623
669,3543.5923444320965
670,3667.1781305248005
671,3532.664043897394
672,3338.329377726995
673,3406.532622026528
674,3690.630403135873
675,3690.503052732708
676,3532.6640438973923
677,3799.6913800296475
678,3338.329377726995
679,3690.613695299796
680,3338.329377726995
681,3726.9987100677895
682,3406.5326220265283
683,3357.0533019554427
684,3513.5087660556
685,3241.2878392537914
686,3551.0169844364586
687,3726.9987100677895
688,3532.6640438973923
689,3470.6640438973927
690,3131.049710067789
691,3690.5030527326994
692,3726.9987100677895
693,3667.145081812662
694,2833.2180438973924
695,3338.329377726995
696,3180.053301955445
697,3690.5030527327062
698,3690.539474092102
699,3299.5694829634967
700,3726.99871006779
701,3113.155713859251
702,3122.9573777269948
703,3040.4630438973923
704,3543.592344432105
705,3338.329377726989
706,3325.419043897393
707,3398.111713859251
708,3726.8987100677896
709,3690.5030527327053
710,2718.4094844099473
711,2905.910713859251
712,3357.053301955444
713,3667.1781305247923
714,3605.3567138592502
715,3726.9987100677895
716,3393.808269249382
717,3408.6037467884958
718,3726.8987100677896
719,3319.43702163845
720,3667.145081812663
721,3321.1155992875215
722,3113.155713859251
723,2309.961713859251
724,3726.9987100677895
725,3667.182850180345
726,3690.570042454006
727,3321.1155992875215
728,3317.0498597620553
729,3690.568980350297
730,3393.8082692493804
731,3726.9987100677895
732,3406.5326220265297
733,3690.562548823981
734,3357.053301955445
735,3406.532622026529
736,3667.145081812664
737,3726.9987100677895
738,3501.050120621975
739,3690.5605859973084
740,3543.3567138592502
741,3690.503052732697
742,3411.0220476888526
743,3203.7423800296483
744,3628.503052732721
745,3667.178130524797
746,3048.6653549978323
747,3726.99871006779
748,3628.5030527327053
749,3667.208821918675
